﻿name,Food Group,Calories,Fat (g),Protein (g),Carbohydrate (g)
Pillsbury Golden Layer Buttermilk Biscuits Artificial Flavor Refrigerated Dough,Baked Foods,307,13.24,5.8799999999999999,41.18
Pillsbury Cinnamon Rolls With Icing Refrigerated Dough,Baked Foods,330,11.27,4.3399999999999999,53.420000000000002
Kraft Foods Shake N Bake Original Recipe Coating For Pork Dry,Baked Foods,377,3.7000000000000002,6.0999999999999996,79.799999999999997
George Weston Bakeries Thomas English Muffins,Baked Foods,232,1.8,8,46
Waffles Buttermilk Frozen Ready-To-Heat,Baked Foods,273,9.2200000000000006,6.5800000000000001,41.049999999999997
Waffle Buttermilk Frozen Ready-To-Heat Toasted,Baked Foods,309,9.4900000000000002,7.4199999999999999,48.390000000000001
Waffle Buttermilk Frozen Ready-To-Heat Microwaved,Baked Foods,289,9.4000000000000004,6.9199999999999999,44.159999999999997
Waffle Plain Frozen Ready-To-Heat Microwave,Baked Foods,298,9.9100000000000001,6.71,45.409999999999997
Pie Crust Cookie-Type Graham Cracker Ready Crust,Baked Foods,501,24.829999999999998,5.0999999999999996,64.299999999999997
Pie Crust Cookie-Type Chocolate Ready Crust,Baked Foods,484,22.420000000000002,6.0800000000000001,64.480000000000004
Dutch Apple Pie,Baked Foods,290,11.5,2.1699999999999999,44.539999999999999
Pie Crust Deep Dish Frozen Unbaked Made With Enriched Flour,Baked Foods,468,28.739999999999998,5.5199999999999996,46.789999999999999
Waffles Chocolate Chip Frozen Ready-To-Heat,Baked Foods,297,10.1,5.7999999999999998,45.68
Tostada Shells Corn,Baked Foods,474,23.379999999999999,6.1500000000000004,64.430000000000007
Bread Salvadoran Sweet Cheese (Quesadilla Salvadorena),Baked Foods,374,17.120000000000001,7.1200000000000001,47.840000000000003
Bread Pound Cake Type Pan De Torta Salvadoran,Baked Foods,390,17.449999999999999,7.0599999999999996,51.289999999999999
Pastry Pastelitos De Guava (Guava Pastries),Baked Foods,379,18.5,5.4800000000000004,47.759999999999998
Crackers Snack Goya Crackers,Baked Foods,433,13.35,14.25,64.349999999999994
Crackers Cream Gamesa Sabrosas,Baked Foods,484,20.370000000000001,7.0099999999999998,64.549999999999997
Crackers Cream La Moderna Rikis Cream Crackers,Baked Foods,464,19.5,7.1900000000000004,64.879999999999995
Bread White Wheat,Baked Foods,238,2.1499999999999999,10.66,43.909999999999997
Bagels Wheat,Baked Foods,250,1.53,10.199999999999999,48.890000000000001
Cream Puff Eclair Custard Or Cream Filled Iced,Baked Foods,334,18.52,4.4100000000000001,37.43
Tortillas Ready-To-Bake Or -Fry Flour Shelf Stable,Baked Foods,297,7.5800000000000001,8.0099999999999998,49.270000000000003
Snacks Beef Jerky Chopped And Formed,Snacks,410,25.600000000000001,33.200000000000003,11
Snacks Corn-Based Extruded Chips Plain,Snacks,539,33.359999999999999,6.1699999999999999,57.270000000000003
Snacks Corn-Based Extruded Chips Barbecue-Flavor,Snacks,523,32.700000000000003,7,56.200000000000003
Snacks Corn-Based Extruded Cones Plain,Snacks,510,26.899999999999999,5.7999999999999998,62.899999999999999
Snacks Fruit Leather Pieces,Sweets,359,2.6800000000000002,1,82.819999999999993
Snacks Fruit Leather Rolls,Sweets,371,3,0.10000000000000001,85.799999999999997
Snacks Granola Bars Hard Plain,Snacks,471,19.800000000000001,10.1,64.400000000000006
Snacks Granola Bars Hard Almond,Snacks,495,25.5,7.7000000000000002,62
Snacks Granola Bars Soft Uncoated Raisin,Snacks,448,17.800000000000001,7.5999999999999996,66.400000000000006
Snacks Granola Bars Soft Coated Milk Chocolate Coating Chocolate Chip,Snacks,466,24.899999999999999,5.7999999999999998,63.799999999999997
Honey-Combed With Peanut Butter,Sweets,473,20.18,8.7200000000000006,67.409999999999997
Snacks Granola Bars Soft Coated Milk Chocolate Coating Peanut Butter,Snacks,508,31.100000000000001,10.199999999999999,53.399999999999999
Snacks Granola Bars Soft Uncoated Peanut Butter And Chocolate Chip,Snacks,432,20,9.8000000000000007,62.200000000000003
Snacks Popcorn Oil-Popped Microwave Regular Flavor No Trans Fat,Snacks,583,43.549999999999997,7.29,45.060000000000002
Snacks Popcorn Cakes,Snacks,384,3.1000000000000001,9.6999999999999993,80.099999999999994
Snacks Popcorn Caramel-Coated With Peanuts,Snacks,400,7.7999999999999998,6.4000000000000004,80.700000000000003
Snacks Popcorn Caramel-Coated Without Peanuts,Snacks,431,12.800000000000001,3.7999999999999998,79.099999999999994
Snacks Potato Chips Made From Dried Potatoes Reduced Fat,Snacks,502,26.140000000000001,4.5599999999999996,64.760000000000005
Snacks Potato Chips Made From Dried Potatoes Sour-Cream And Onion-Flavor,Snacks,547,37,6.5999999999999996,51.299999999999997
Snacks Pretzels Hard Plain Salted,Snacks,384,2.9300000000000002,10.039999999999999,80.390000000000001
Snacks Pretzels Hard Confectioners Coating Chocolate-Flavor,Snacks,457,16.699999999999999,7.5,70.900000000000006
Snacks Rice Cakes Brown Rice Sesame Seed,Snacks,392,3.7999999999999998,7.5999999999999996,81.5
Snacks Tortilla Chips Plain White Corn Salted,Snacks,472,20.68,7.0999999999999996,67.780000000000001
Snacks Tortilla Chips Nacho Cheese,Snacks,519,27.420000000000002,7.3600000000000003,60.810000000000002
Snacks Tortilla Chips Ranch-Flavor,Snacks,501,24.629999999999999,7.1900000000000004,62.740000000000002
Snacks Trail Mix Regular,Snacks,462,29.399999999999999,13.800000000000001,44.899999999999999
Almond Joy Candy Bar,Sweets,479,26.93,4.1299999999999999,59.509999999999998
Twizzlers Cherry Bites,Sweets,338,1.7,2.9700000000000002,79.379999999999995
Nestle Bit-O-Honey Candy Chews,Sweets,388,7.5,2,80.890000000000001
Nestle Butterfinger Bar,Sweets,459,18.899999999999999,5.4000000000000004,72.900000000000006
Caramels Chocolate-Flavor Roll,Sweets,387,3.3100000000000001,1.5900000000000001,87.730000000000004
Baking Chocolate Unsweetened Liquid,Sweets,472,47.700000000000003,12.1,36.200000000000003
Unsweetened Baking Chocolate,Sweets,642,52.310000000000002,14.32,28.420000000000002
Confectioners Coating Yogurt,Sweets,522,27,5.8700000000000001,63.939999999999998
Confectioners Coating Peanut Butter,Sweets,529,29.800000000000001,18.300000000000001,46.880000000000003
White Chocolate,Sweets,539,32.090000000000003,5.8700000000000001,59.240000000000002
Ice Creams Vanilla Light,Sweets,180,4.8300000000000001,4.7800000000000002,29.460000000000001
Ice Creams Vanilla Rich,Sweets,249,16.199999999999999,3.5,22.289999999999999
Desserts Flan Caramel Custard Prepared-From-Recipe,Sweets,145,4.0300000000000002,4.5300000000000002,22.780000000000001
Ice Creams Vanilla,Sweets,207,11,3.5,23.600000000000001
Ice Creams Vanilla Light Soft-Serve,Sweets,126,2.6000000000000001,4.9000000000000004,21.800000000000001
Sherbet Orange,Sweets,144,2,1.1000000000000001,30.399999999999999
Fudge Peanut Butter Prepared-From-Recipe,Sweets,387,6.5899999999999999,3.7799999999999998,77.75
Fudge Vanilla Prepared-From-Recipe,Sweets,383,5.4500000000000002,1.05,82.150000000000006
Fudge Vanilla With Nuts,Sweets,435,13.69,3,74.609999999999999
Nestle Goobers Chocolate Covered Peanuts,Sweets,512,34,9.6999999999999993,53
Nestle Baby Ruth Bar,Sweets,475,21.600000000000001,5.4000000000000004,64.799999999999997
Twizzlers Strawberry Twists Candy,Sweets,348,2.3199999999999998,2.5600000000000001,79.159999999999997
Syrups Table Blends Pancake With Butter,Sweets,291,0.089999999999999997,0,72.430000000000007
Ice Creams Chocolate Light,Sweets,187,7.1900000000000004,5,25.699999999999999
Nestle Chunky Bar,Sweets,519,27.5,7.5,60.399999999999999
Milk Chocolate,Sweets,535,29.66,7.6500000000000004,59.399999999999999
Puddings Banana Dry Mix Instant Prepared With 2% Milk,Sweets,105,1.7,2.7599999999999998,19.739999999999998
Puddings Banana Dry Mix Regular Prepared With 2% Milk,Sweets,101,1.73,2.8999999999999999,18.43
Andreas Gluten Free Soft Dinner Roll,Baked Foods,257,8.1999999999999993,5.6500000000000004,40.240000000000002
Crunchmaster Multi-Grain Crisps Snack Crackers Gluten-Free,Baked Foods,456,15.92,10.91,67.180000000000007
Glutino Gluten Free Cookies Chocolate Vanilla Creme,Baked Foods,474,17.890000000000001,2.1899999999999999,76.030000000000001
Glutino Gluten Free Cookies Vanilla Creme,Baked Foods,487,18.789999999999999,2.1899999999999999,77.340000000000003
Pepperidge Farm Goldfish Baked Snack Crackers Original,Baked Foods,467,18.420000000000002,9.4199999999999999,65.810000000000002
Pepperidge Farm Goldfish Baked Snack Crackers Parmesan,Baked Foods,459,17.289999999999999,11.16,64.700000000000003
Pepperidge Farm Goldfish Baked Snack Crackers Pizza,Baked Foods,469,18.93,9.6699999999999999,65.109999999999999
Rudis Gluten-Free Bakery Original Sandwich Bread,Baked Foods,320,10.699999999999999,3.1299999999999999,52.829999999999998
Udis Gluten Free Soft & Delicious White Sandwich Bread,Baked Foods,298,8.0199999999999996,5.4000000000000004,51.149999999999999
Udis Gluten Free Soft & Hearty Whole Grain Bread,Baked Foods,309,9.3399999999999999,7.25,49.090000000000003
Udis Gluten Free Whole Grain Dinner Rolls,Baked Foods,329,11.6,11.800000000000001,44.289999999999999
Vans Gluten Free Totally Original Pancakes,Baked Foods,215,4.5499999999999998,3.3100000000000001,40.32
Seaweed Canadian Cultivated Emi-Tsunomata Dry,Vegetables,259,1.3899999999999999,15.34,46.240000000000002
Seaweed Canadian Cultivated Emi-Tsunomata Rehydrated,Vegetables,31,0.17000000000000001,1.8600000000000001,5.6200000000000001
Potatoes Hash Brown Refrigerated Unprepared,Vegetables,84,0.080000000000000002,1.75,19.16
Potatoes Hash Brown Refrigerated Prepared Pan-Fried In Canola Oil,Vegetables,242,10.300000000000001,3.2400000000000002,33.990000000000002
Sweet Potatoes French Fried Frozen As Packaged Salt Added In Processing,Vegetables,182,8.9199999999999999,2.1600000000000001,35.579999999999998
Pectin Liquid,Sweets,11,0,0,2.1000000000000001
Frozen Novelties Ice Cream Type Vanilla Ice Cream Light No Sugar Added Chocolate Coated,Sweets,221,10.1,6.4000000000000004,26.109999999999999
Bologna Beef And Pork Low Fat,Meats,230,19.300000000000001,11.5,2.6000000000000001
Milk Dessert Frozen Milk-Fat Free Chocolate,Sweets,167,1,4.2999999999999998,37.700000000000003
Mars Snackfood Us M&Ms Peanut Butter Chocolate,Sweets,529,29.32,10.16,56.890000000000001
Turkey And Pork Sausage Fresh Bulk Patty Or Link Cooked,Meats,307,23,22.699999999999999,0.69999999999999996
Frankfurter Beef Low Fat,Meats,140,9.5,12,1.6000000000000001
Pork Sausage Rice Links Brown And Serve Cooked,Meats,407,37.630000000000003,13.699999999999999,2.3599999999999999
Mars Snackfood Us Milky Way Midnight Bar,Sweets,443,17.5,3.2000000000000002,71.219999999999999
Jams Preserves Marmalade Reduced Sugar,Sweets,151,0.10000000000000001,0,37.600000000000001
Tomato And Vegetable Juice Low Sodium,Vegetables,22,0.10000000000000001,0.59999999999999998,4.5899999999999999
Turkey Wing Smoked Cooked With Skin Bone Removed,Meats,221,12.41,27.399999999999999,0
Turkey Drumstick Smoked Cooked With Skin Bone Removed,Meats,200,9.8000000000000007,27.899999999999999,0
Pork Cured Bacon Cooked Broiled Pan-Fried Or Roasted Reduced Sodium,Meats,541,41.780000000000001,37.039999999999999,1.4299999999999999
Turkey Light Or Dark Meat Smoked Cooked Skin And Bone Removed,Meats,162,5,29.300000000000001,0
Hearts Of Palm Raw,Vegetables,115,0.20000000000000001,2.7000000000000002,25.609999999999999
Frozen Novelties Juice Type Juice With Cream,Sweets,115,1.4099999999999999,1.4099999999999999,24.109999999999999
Breakfast Bar Corn Flake Crust With Fruit,Snacks,376,7.5,4.4000000000000004,72.799999999999997
Pie Fillings Blueberry Canned,Sweets,181,0.20000000000000001,0.40999999999999998,44.380000000000003
Puddings Chocolate Flavor Low Calorie Regular Dry Mix,Sweets,365,3,10.08,74.420000000000002
Puddings All Flavors Except Chocolate Low Calorie Regular Dry Mix,Sweets,351,0.10000000000000001,1.6000000000000001,86.040000000000006
Scallops,Meats,111,0.83999999999999997,20.539999999999999,5.4100000000000001
Syrup Cane,Sweets,269,0,0,73.140000000000001
Mollusks Snail Raw,Meats,90,1.3999999999999999,16.100000000000001,2
Turtle Green Raw,Meats,89,0.5,19.800000000000001,0
Lemons,Fruits,29,0.29999999999999999,1.1000000000000001,9.3200000000000003
Lemon Juice Raw,Fruits,22,0.23999999999999999,0.34999999999999998,6.9000000000000004
Lemon Juice From Concentrate Canned Or Bottled,Fruits,17,0.070000000000000007,0.45000000000000001,5.6200000000000001
Lemon Peel Raw,Fruits,47,0.29999999999999999,1.5,16
Prickly Pears,Fruits,41,0.51000000000000001,0.72999999999999998,9.5700000000000003
Plums Dried (Prunes) Stewed Without Added Sugar,Fruits,107,0.16,0.95999999999999996,28.079999999999998
Plums Dried (Prunes) Stewed With Added Sugar,Fruits,124,0.22,1.0900000000000001,32.880000000000003
Shredded Coconut Meat (Sweetened),Fruits,71,0.029999999999999999,0.60999999999999999,17.449999999999999
Pummelo,Fruits,38,0.040000000000000001,0.76000000000000001,9.6199999999999992
Raspberries,Fruits,52,0.65000000000000002,1.2,11.94
Raspberries Canned Red Heavy Syrup Pack Solids And Liquids,Fruits,91,0.12,0.82999999999999996,23.359999999999999
Raspberries Frozen Red Sweetened,Fruits,103,0.16,0.69999999999999996,26.16
Rhubarb,Fruits,21,0.20000000000000001,0.90000000000000002,4.54
Sapodilla,Fruits,83,1.1000000000000001,0.44,19.960000000000001
Mamey Sapote,Fruits,124,0.46000000000000002,1.45,32.100000000000001
Soursop,Fruits,66,0.29999999999999999,1,16.84
Strawberries,Fruits,32,0.29999999999999999,0.67000000000000004,7.6799999999999997
Tamarinds,Fruits,239,0.59999999999999998,2.7999999999999998,62.5
Fruit Salad (Pineapple And Papaya And Banana And Guava) Tropical Canned Heavy Syrup Solids And Liquids,Fruits,86,0.10000000000000001,0.40999999999999998,22.359999999999999
Watermelon,Fruits,30,0.14999999999999999,0.60999999999999999,7.5499999999999998
Maraschino Cherries (Canned),Fruits,165,0.20999999999999999,0.22,41.969999999999999
Pineapple Canned Juice Pack Drained,Fruits,60,0.11,0.51000000000000001,15.56
Apricots Canned Heavy Syrup Drained,Fruits,83,0.11,0.64000000000000001,21.309999999999999
Cherries Sour Canned Water Pack Drained,Fruits,42,0.20999999999999999,0.68999999999999995,10.449999999999999
Cherries Sweet Canned Pitted Heavy Syrup Drained,Fruits,83,0.20999999999999999,0.72999999999999998,21.07
Apple Juice Canned Or Bottled Unsweetened With Added Ascorbic Acid,Fruits,46,0.13,0.10000000000000001,11.300000000000001
Applesauce Canned Unsweetened With Added Ascorbic Acid,Fruits,42,0.10000000000000001,0.17000000000000001,11.27
Applesauce Canned Sweetened With Salt,Fruits,76,0.17999999999999999,0.17999999999999999,19.91
Pink Grapefruit Juice,Fruits,39,0.10000000000000001,0.5,9.1999999999999993
Apple Juice Frozen Concentrate Unsweetened Diluted With 3 Volume Water With Added Ascorbic Acid,Fruits,47,0.10000000000000001,0.14000000000000001,11.539999999999999
Bartlett Pears,Fruits,63,0.16,0.39000000000000001,15.01
Red Anjou Pears,Fruits,62,0.14000000000000001,0.33000000000000002,14.94
Bosc Pear,Fruits,67,0.089999999999999997,0.35999999999999999,16.100000000000001
Green Anjou Pear,Fruits,66,0.10000000000000001,0.44,15.789999999999999
Prune Puree,Fruits,257,0.20000000000000001,2.1000000000000001,65.099999999999994
Candied Fruit,Fruits,322,0.070000000000000007,0.34000000000000002,82.739999999999995
Abiyuch,Fruits,69,0.10000000000000001,1.5,17.600000000000001
Rowal,Fruits,111,2,2.2999999999999998,23.899999999999999
Guava Nectar Canned With Added Ascorbic Acid,Fruits,63,0.059999999999999998,0.089999999999999997,16.25
Mango Nectar Canned,Fruits,51,0.059999999999999998,0.11,13.119999999999999
Tamarind Nectar Canned,Fruits,57,0.12,0.089999999999999997,14.73
Pomegranate Juice Bottled,Fruits,54,0.28999999999999998,0.14999999999999999,13.130000000000001
Nance Canned Syrup Drained,Fruits,95,1.28,0.56000000000000005,22.789999999999999
Nance Frozen Unsweetened,Fruits,73,1.1599999999999999,0.66000000000000003,16.969999999999999
Naranjilla (Lulo) Pulp Frozen Unsweetened,Fruits,25,0.22,0.44,5.9000000000000004
Horned Melon (Kiwano),Fruits,44,1.26,1.78,7.5599999999999996
Orange Pineapple Juice Blend,Fruits,51,0.080000000000000002,0.40999999999999998,12.199999999999999
Fuji Apples,Fruits,63,0.17999999999999999,0.20000000000000001,15.220000000000001
Orange Juice Chilled Includes From Concentrate With Added Calcium And Vitamins A D E,Fruits,49,0.12,0.68000000000000005,11.539999999999999
Fruit Juice Smoothie Naked Juice Mighty Mango,Fruits,63,0,0.41999999999999998,15
Fruit Juice Smoothie Naked Juice Green Machine,Fruits,53,0.26000000000000001,0.59999999999999998,12.529999999999999
Fruit Juice Smoothie Bolthouse Farms Berry Boost,Fruits,46,0.02,0.63,10.9
Fruit Juice Smoothie Bolthouse Farms Green Goodness,Fruits,56,0.33000000000000002,0.63,13.039999999999999
Fruit Juice Smoothie Bolthouse Farms Strawberry Banana,Fruits,52,0.29999999999999999,0.44,12.369999999999999
Apple Juice Canned Or Bottled Unsweetened With Added Ascorbic Acid Calcium And Potassium,Fruits,48,0.17000000000000001,0.12,11.49
Lemon Juice From Concentrate Bottled Concord,Fruits,24,0.070000000000000007,0.40000000000000002,5.3700000000000001
Lemon Juice From Concentrate Bottled Real Lemon,Fruits,17,0.070000000000000007,0.46999999999999997,5.6600000000000001
Cranberry Sauce Whole Canned Ocean Spray,Fruits,158,0.050000000000000003,0.75,40.399999999999999
Cranberry Sauce Jellied Canned Ocean Spray,Fruits,160,0.040000000000000001,1.05,40.609999999999999
Ruby Red Grapefruit Juice Blend (Grapefruit Grape Apple) Ocean Spray Bottled With Added Vitamin C,Fruits,44,0.10000000000000001,0.5,10.529999999999999
Pork Fresh Composite Of Trimmed Leg Loin Shoulder And Spareribs (Includes Cuts To Be Cured) Separable Lean And Fat Raw,Meats,211,14.789999999999999,18.219999999999999,0
Pork Fresh Backfat Raw,Meats,812,88.689999999999998,2.9199999999999999,0
Pork Fresh Belly Raw,Meats,518,53.009999999999998,9.3399999999999999,0
Pork Fresh Separable Fat Raw,Meats,632,65.700000000000003,9.25,0
Pork Fresh Leg (Ham) Rump Half Separable Lean And Fat Raw,Meats,182,10.630000000000001,20.27,0
Pork Fresh Leg (Ham) Rump Half Separable Lean And Fat Cooked Roasted,Meats,209,10.32,27.030000000000001,0
Pork Fresh Leg (Ham) Rump Half Separable Lean Only Raw,Meats,120,2.9300000000000002,21.809999999999999,0
Pork Fresh Leg (Ham) Rump Half Separable Lean Only Cooked Roasted,Meats,165,4.6200000000000001,28.859999999999999,0
Pork Fresh Loin Whole Separable Lean And Fat Raw,Meats,198,12.58,19.739999999999998,0
Pork Fresh Loin Whole Separable Lean And Fat Cooked Braised,Meats,239,13.619999999999999,27.23,0
Pork Loin,Meats,242,13.92,27.32,0
Pork Fresh Loin Whole Separable Lean And Fat Cooked Roasted,Meats,248,14.65,27.09,0
Pork Fresh Loin Blade (Chops Or Roasts) Bone-In Separable Lean And Fat Raw,Meats,194,12.27,19.559999999999999,0
Pork Chops (With Fat),Meats,255,15.710000000000001,26.539999999999999,0
Pork Fresh Loin Blade (Chops) Bone-In Separable Lean And Fat Cooked Broiled,Meats,231,14.35,23.719999999999999,0
Pork Fresh Loin Blade (Roasts) Bone-In Separable Lean And Fat Cooked Roasted,Meats,254,16.710000000000001,24.289999999999999,0
Pork Fresh Loin Center Loin (Chops) Bone-In Separable Lean And Fat Cooked Braised,Meats,242,13.51,28.210000000000001,0
Pork Fresh Loin Center Loin (Chops) Bone-In Separable Lean And Fat Cooked Broiled,Meats,209,11.06,25.609999999999999,0
Pork Fresh Loin Center Loin (Roasts) Bone-In Separable Lean And Fat Cooked Roasted,Meats,231,12.800000000000001,27.010000000000002,0
Pork Fresh Loin Center Loin (Chops) Bone-In Separable Lean Only Raw,Meats,127,3.71,21.989999999999998,0
Pork Fresh Loin Center Rib (Chops) Bone-In Separable Lean And Fat Cooked Braised,Meats,261,16.280000000000001,26.66,0
Pork Fresh Loin Center Rib (Chops) Bone-In Separable Lean And Fat Cooked Broiled,Meats,222,13.039999999999999,24.420000000000002,0
Pork Fresh Loin Center Rib (Roasts) Bone-In Separable Lean And Fat Cooked Roasted,Meats,248,14.68,26.989999999999998,0
Pork Fresh Loin Center Rib (Chops Or Roasts) Bone-In Separable Lean Only Raw,Meats,136,4.7999999999999998,21.789999999999999,0
Pork Fresh Loin Sirloin (Chops) Bone-In Separable Lean And Fat Cooked Braised,Meats,234,12.31,28.809999999999999,0
Pork Fresh Loin Sirloin (Chops) Bone-In Separable Lean And Fat Cooked Broiled,Meats,222,11.82,26.960000000000001,0
Pork Fresh Loin Sirloin (Roasts) Bone-In Separable Lean And Fat Cooked Roasted,Meats,230,12.869999999999999,26.640000000000001,0
Pork Fresh Loin Sirloin (Chops Or Roasts) Bone-In Separable Lean Only Raw,Meats,129,4.0199999999999996,21.649999999999999,0
Pork Chops (Lean),Meats,195,6.9000000000000004,31,0
Pork Fresh Loin Top Loin (Chops) Boneless Separable Lean And Fat Raw,Meats,155,6.9400000000000004,21.550000000000001,0
Pork Fresh Loin Top Loin (Chops) Boneless Separable Lean And Fat Cooked Braised,Meats,200,8.3100000000000005,29.199999999999999,0
Pork Fresh Loin Top Loin (Chops) Boneless Separable Lean And Fat Cooked Broiled,Meats,196,9.1400000000000006,26.620000000000001,0
Pork Fresh Loin Top Loin (Roasts) Boneless Separable Lean And Fat Cooked Roasted,Meats,192,8.8200000000000003,26.449999999999999,0
Pork Fresh Shoulder Whole Separable Lean And Fat Raw,Meats,236,17.989999999999998,17.18,0
Pork Fresh Shoulder Whole Separable Lean And Fat Cooked Roasted,Meats,292,21.390000000000001,23.280000000000001,0
Pork Fresh Shoulder Whole Separable Lean Only Raw,Meats,148,7.1399999999999997,19.550000000000001,0
Pork Fresh Shoulder Whole Separable Lean Only Cooked Roasted,Meats,230,13.539999999999999,25.329999999999998,0
Pork Fresh Shoulder Arm Picnic Separable Lean Only Cooked Braised,Meats,194,8.8699999999999992,26.760000000000002,0
Pork Fresh Shoulder Arm Picnic Separable Lean Only Cooked Roasted,Meats,228,12.619999999999999,26.68,0
Pork Fresh Shoulder (Boston Butt) Blade (Steaks) Separable Lean And Fat Raw,Meats,186,12.359999999999999,17.420000000000002,0
Pork Fresh Shoulder (Boston Butt) Blade (Steaks) Separable Lean And Fat Cooked Braised,Meats,267,17.690000000000001,25.07,0
Boston Steak (Pork),Meats,259,16.609999999999999,25.579999999999998,0
Pork Fresh Shoulder Blade Boston (Roasts) Separable Lean Only Cooked Roasted,Meats,232,14.300000000000001,24.210000000000001,0
Pork Fresh Spareribs Separable Lean And Fat Raw,Meats,277,23.399999999999999,15.470000000000001,0
Pork Spare Ribs,Meats,397,30.300000000000001,29.059999999999999,0
Pork Fresh Composite Of Trimmed Retail Cuts (Leg Loin And Shoulder) Separable Lean Only Cooked,Meats,201,9.2100000000000009,27.510000000000002,0
Pork Fresh Variety Meats And By-Products Chitterlings Cooked Simmered,Meats,233,20.32,12.49,0
Pork Fresh Variety Meats And By-Products Ears Frozen Raw,Meats,234,15.1,22.449999999999999,0.59999999999999998
Pork Fresh Variety Meats And By-Products Ears Frozen Cooked Simmered,Meats,166,10.800000000000001,15.949999999999999,0.20000000000000001
Pork Fresh Variety Meats And By-Products Feet Raw,Meats,212,12.59,23.16,0
Pork Fresh Variety Meats And By-Products Kidneys Cooked Braised,Meats,151,4.7000000000000002,25.399999999999999,0
Pork Fresh Variety Meats And By-Products Leaf Fat Raw,Meats,857,94.159999999999997,1.76,0
Pork Fresh Variety Meats And By-Products Liver Raw,Meats,134,3.6499999999999999,21.390000000000001,2.4700000000000002
Pork Fresh Variety Meats And By-Products Liver Cooked Braised,Meats,165,4.4000000000000004,26.02,3.7599999999999998
Pork Fresh Variety Meats And By-Products Lungs Raw,Meats,85,2.7200000000000002,14.08,0
Pork Fresh Variety Meats And By-Products Spleen Raw,Meats,100,2.5899999999999999,17.859999999999999,0
Pork Fresh Variety Meats And By-Products Spleen Cooked Braised,Meats,149,3.2000000000000002,28.199999999999999,0
Pork Fresh Variety Meats And By-Products Stomach Raw,Meats,159,10.140000000000001,16.850000000000001,0
Pork Fresh Loin Blade (Chops) Bone-In Separable Lean Only Cooked Pan-Fried,Meats,222,12.140000000000001,26.379999999999999,0
Canadian Bacon (Raw),Meats,110,2.6200000000000001,20.309999999999999,1.3400000000000001
Pork Cured Feet Pickled,Meats,140,10.02,11.630000000000001,0.01
Lean Cured Ham,Meats,145,5.5300000000000002,20.93,1.5
Low Fat Cured Ham,Meats,178,9.0199999999999996,22.620000000000001,0
Pork Cured Ham Patties Unheated,Meats,315,28.190000000000001,12.779999999999999,1.6899999999999999
Pork Cured Ham Steak Boneless Extra Lean Unheated,Meats,122,4.25,19.559999999999999,0
Pork Cured Ham Whole Separable Lean And Fat Unheated,Meats,246,18.52,18.489999999999998,0.059999999999999998
Pork Cured Ham Whole Separable Lean Only Unheated,Meats,147,5.71,22.32,0.050000000000000003
Pork Cured Separable Fat (From Ham And Arm Picnic) Unheated,Meats,579,61.409999999999997,5.6799999999999997,0.089999999999999997
Pork Cured Separable Fat (From Ham And Arm Picnic) Roasted,Meats,591,61.859999999999999,7.6399999999999997,0
Pork Cured Shoulder Arm Picnic Separable Lean And Fat Roasted,Meats,280,21.350000000000001,20.43,0
Pork Cured Shoulder Arm Picnic Separable Lean Only Roasted,Meats,170,7.04,24.940000000000001,0
Pork Fresh Variety Meats And By-Products Tail Cooked Simmered,Meats,396,35.799999999999997,17,0
Pork Fresh Loin Center Loin (Chops) Bone-In Separable Lean Only Cooked Pan-Fried,Meats,195,7.6600000000000001,29.559999999999999,0
Pork Fresh Loin Center Rib (Chops) Bone-In Separable Lean Only Cooked Pan-Fried,Meats,211,9.7300000000000004,28.84,0
Pork Fresh Loin Blade (Chops) Bone-In Separable Lean And Fat Cooked Pan-Fried,Meats,256,16.559999999999999,25.02,0
Pork Cured Ham Extra Lean And Regular Canned Unheated,Meats,144,7.46,17.969999999999999,0
Pork Cured Ham Extra Lean And Regular Canned Roasted,Meats,167,8.4299999999999997,20.940000000000001,0.48999999999999999
Pork Fresh Loin Top Loin (Chops) Boneless Separable Lean And Fat Cooked Pan-Fried,Meats,196,7.8600000000000003,29.359999999999999,0
Pork Fresh Composite Of Trimmed Retail Cuts (Leg Loin Shoulder And Spareribs) Separable Lean And Fat Raw,Meats,216,14.949999999999999,18.949999999999999,0
Pork Fresh Loin Center Rib (Chops Or Roasts) Boneless Separable Lean And Fat Raw,Meats,211,14.01,19.899999999999999,0
Pork Fresh Loin Center Rib (Chops) Boneless Separable Lean And Fat Cooked Braised,Meats,255,15.789999999999999,26.289999999999999,0
Pork Fresh Loin Center Rib (Chops) Boneless Separable Lean And Fat Cooked Broiled,Meats,260,15.76,27.629999999999999,0
Pork Fresh Loin Center Rib (Chops) Boneless Separable Lean And Fat Cooked Pan-Fried,Meats,273,18.050000000000001,25.82,0
Pork Fresh Loin Center Rib (Chops) Boneless Separable Lean Only Cooked Pan-Fried,Meats,224,11.800000000000001,27.68,0
Pork Fresh Loin Center Rib (Roasts) Boneless Separable Lean Only Cooked Roasted,Meats,214,10.130000000000001,28.809999999999999,0
Pork Fresh Loin Country-Style Ribs Separable Lean And Fat Raw,Meats,189,11.82,19.34,0
Pork Fresh Loin Country-Style Ribs Separable Lean And Fat Cooked Braised,Meats,273,17.710000000000001,26.489999999999998,0
Country-Style Roasted Pork Ribs,Meats,359,29.460000000000001,21.75,0
Pork Fresh Loin Sirloin (Chops) Boneless Separable Lean And Fat Cooked Braised,Meats,171,5.4699999999999998,28.41,0
Pork Fresh Loin Sirloin (Chops) Boneless Separable Lean And Fat Cooked Broiled,Meats,170,5.5300000000000002,28.190000000000001,0
Pork Fresh Loin Sirloin (Roasts) Boneless Separable Lean And Fat Cooked Roasted,Meats,192,7.3200000000000003,29.620000000000001,0
Pork Fresh Loin Sirloin (Chops Or Roasts) Boneless Separable Lean Only Raw,Meats,121,2.5899999999999999,22.809999999999999,0
Pork Fresh Ground Raw,Meats,263,21.190000000000001,16.879999999999999,0
Cooked Ground Pork,Meats,297,20.77,25.690000000000001,0
Broiled Pork Tenderloin,Meats,201,8.1099999999999994,29.859999999999999,0
Pork Fresh Loin Tenderloin Separable Lean And Fat Cooked Roasted,Meats,147,3.96,26.039999999999999,0
Pork Fresh Composite Of Trimmed Retail Cuts (Loin And Shoulder Blade) Separable Lean And Fat Cooked,Meats,235,13.66,26.07,0
Pork Fresh Composite Of Trimmed Retail Cuts (Loin And Shoulder Blade) Separable Lean Only Raw,Meats,144,5.8799999999999999,21.23,0
Pork Fresh Composite Of Trimmed Retail Cuts (Loin And Shoulder Blade) Separable Lean Only Cooked,Meats,211,9.4399999999999995,29.469999999999999,0
Hormel Cure 81 Ham,Meats,106,3.5899999999999999,18.43,0.20999999999999999
Hormel Always Tender Pork Tenderloin Teriyaki-Flavored,Meats,119,3.0699999999999998,18.199999999999999,4.6299999999999999
Hormel Canadian Style Bacon,Meats,122,4.9400000000000004,16.879999999999999,1.8700000000000001
Pork Fresh Loin Top Loin (Chops) Boneless Separable Lean Only With Added Solution Cooked Pan-Broiled,Meats,169,5,28.949999999999999,0
Pork Fresh Loin Top Loin (Chops) Boneless Separable Lean And Fat With Added Solution Cooked Pan-Broiled,Meats,190,7.6600000000000001,28.350000000000001,0
Pork Cured Bacon Cooked Baked,Meats,548,43.270000000000003,35.729999999999997,1.3500000000000001
Pork Cured Ham -- Water Added Rump Bone-In Separable Lean Only Heated Roasted,Meats,121,3.5600000000000001,21.41,0.87
Pork Cured Ham -- Water Added Rump Bone-In Separable Lean Only Unheated,Meats,95,3.48,15.43,0.67000000000000004
Pork Cured Ham -- Water Added Shank Bone-In Separable Lean Only Heated Roasted,Meats,128,4.4299999999999997,20.920000000000002,1.2
Pork Cured Ham -- Water Added Slice Bone-In Separable Lean Only Heated Pan-Broil,Meats,131,4.2999999999999998,22.039999999999999,1.48
Pork Cured Ham With Natural Juices Rump Bone-In Separable Lean Only Heated Roasted,Meats,137,4.25,24.140000000000001,0.47999999999999998
Pork Cured Ham With Natural Juices Shank Bone-In Separable Lean Only Heated Roasted,Meats,145,4.9699999999999998,24.949999999999999,0.34000000000000002
